workflow	validated-two-host	2	1	12
step	left	task	-	0	false	-	-	-	-	-	-	-	-	-	-	-	-	-	-
task_args	left	recipe
step	right	task	-	0	false	-	-	-	-	-	-	-	-	-	-	-	-	-	-
task_args	right	recipe
step	check-left	task	left	0	false	-	-	-	-	-	-	-	-	-	-	-	-	-	-
task_args	check-left	recipe
step	check-right	task	right	0	false	-	-	-	-	-	-	-	-	-	-	-	-	-	-
task_args	check-right	recipe
step	combine	task	left,right,check-left,check-right	0	false	-	-	-	-	-	-	-	-	-	-	-	-	-	-
task_args	combine	recipe	right
step	check-combined	task	combine	0	false	-	-	-	-	-	-	-	-	-	-	-	-	-	-
task_args	check-combined	recipe
